term,estimate,std.error,statistic,p.value
(Intercept),4.4919722768162815,0.04064772772713043,110.50980037484614,0
query_bp,0.1343012460800172,0.04626509889355939,2.9028630499418084,0.00373362071891545
basefrequency_sd,-0.5431251067153986,0.0655567412362561,-8.284809410493146,2.0043762319113092e-16
N_samples,1.6667245967127289,0.0401656551861537,41.49626313794823,4.431193575830339e-280
query_bp:basefrequency_sd,0.22549491538340663,0.10524490364662169,2.142573251247828,0.03225424741782658
basefrequency_sd:N_samples,-0.08781873419083867,0.06025493851563173,-1.457452888580347,0.14513077011409226
