Amount of data (basepairs),Number of samples,Proportion of samples
500000,10,0.004341521442774406
1000000,183,0.07944984240277163
2000000,1349,0.5856712426302674
5000000,4155,1.8039021594727656
10000000,19381,8.414302708241076
20000000,205256,89.11233252581034
